,subdomain,Substack reactions,Tweet Count,rankingDetailFreeIncluded,rankingDetailFreeIncludedOrderOfMagnitude
0,1000wordsofsummer,394.0,63,Tens of thousands of readers,10000.0
1,1979semifinalist,0.0,82,Thousands of readers,1000.0
2,3w3m,388.0,0,Tens of thousands of readers,10000.0
3,404ever,6.0,0,Thousands of readers,1000.0
4,5thingsyoushouldbuy,160.0,0,Tens of thousands of readers,10000.0
5,aaronrenn,90.0,0,Tens of thousands of readers,10000.0
6,acontinuouslean,89.0,1,Tens of thousands of readers,10000.0
7,actioncookbook,340.0,147,Thousands of readers,1000.0
8,adamtanous,4.0,0,Hundreds of readers,100.0
9,adamtooze,314.0,28,Tens of thousands of readers,10000.0
10,agribusinessmatters,14.0,2,Thousands of readers,1000.0
11,aidangold,0.0,0,Hundreds of readers,100.0
12,alanmichaelkarbelnigphd,5.0,0,Hundreds of readers,100.0
13,alexberenson,7468.0,0,Hundreds of thousands of readers,100000.0
14,alexgraham,79.0,0,Hundreds of readers,100.0
15,alexiscoe,0.0,1,Thousands of readers,1000.0
16,alexsteffen,0.0,9,Tens of thousands of readers,10000.0
17,aliciakennedy,241.0,62,Tens of thousands of readers,10000.0
18,alilybit,0.0,39,Thousands of readers,1000.0
19,alisoneroman,406.0,3,Hundreds of thousands of readers,100000.0
20,amber,40.0,6,Thousands of readers,1000.0
21,amberschmidtkephd,26.0,0,Tens of thousands of readers,10000.0
22,americanprestige,99.0,6,Thousands of readers,1000.0
23,ampleroad,71.0,0,Thousands of readers,1000.0
24,amyodell,312.0,1,Tens of thousands of readers,10000.0
25,anchoragememories,13.0,0,Thousands of readers,1000.0
26,andrewgreene,75.0,5,Hundreds of readers,100.0
27,andrewsullivan,259.0,14,Hundreds of thousands of readers,100000.0
28,andrewzimmern,195.0,45,,
29,animationobsessive,116.0,0,Thousands of readers,1000.0
30,annebyrn,116.0,0,Tens of thousands of readers,10000.0
31,annehelen,1123.0,14,Hundreds of thousands of readers,100000.0
32,annettelaing,96.0,0,Thousands of readers,1000.0
33,anthonymorganti,100.0,9,Thousands of readers,1000.0
34,antieducation,0.0,0,Hundreds of readers,100.0
35,arabellesicardi,14.0,22,Thousands of readers,1000.0
36,ariananewhouse,15.0,0,Hundreds of readers,100.0
37,arielpink,38.0,0,Thousands of readers,1000.0
38,arimelber,122.0,17,Tens of thousands of readers,10000.0
39,arthursaboutthemeparks,20.0,19,Thousands of readers,1000.0
40,askmolly,71.0,0,Tens of thousands of readers,10000.0
41,askpolly,653.0,2,Tens of thousands of readers,10000.0
42,astralcodexten,944.0,0,Tens of thousands of readers,10000.0
43,astropoets,271.0,137,Tens of thousands of readers,10000.0
44,auburnobserver,206.0,172,Thousands of readers,1000.0
45,audacity,1038.0,57,Tens of thousands of readers,10000.0
46,audreypeterman,16.0,0,Hundreds of readers,100.0
47,auronmacintyre,157.0,0,Thousands of readers,1000.0
48,austa,0.0,0,Hundreds of readers,100.0
49,austinhankwitz,89.0,12,Thousands of readers,1000.0
50,austinkleon,851.0,53,Hundreds of thousands of readers,100000.0
51,avoidablecontact,611.0,0,Thousands of readers,1000.0
52,awritersdiary,46.0,7,Thousands of readers,1000.0
53,badastronomy,230.0,124,Tens of thousands of readers,10000.0
54,badnews,177.0,109,Tens of thousands of readers,10000.0
55,bankless,930.0,45,Hundreds of thousands of readers,100000.0
56,bariweiss,5179.0,90,,
57,beenawake,0.0,1,Hundreds of readers,100.0
58,beijingtobritain,29.0,9,Thousands of readers,1000.0
59,beiner,138.0,0,Tens of thousands of readers,10000.0
60,bengretch,170.0,10,Thousands of readers,1000.0
61,besskalb,219.0,74,Thousands of readers,1000.0
62,bestjackettpress,95.0,27,Tens of thousands of readers,10000.0
63,billshaner,23.0,8,Thousands of readers,1000.0
64,bismarck,87.0,22,Tens of thousands of readers,10000.0
65,bittmanproject,175.0,2,Tens of thousands of readers,10000.0
66,blackbirdspyplane,430.0,0,Tens of thousands of readers,10000.0
67,blackeyedstories,140.0,0,Thousands of readers,1000.0
68,blockedandreported,460.0,0,Tens of thousands of readers,10000.0
69,blockthreat,14.0,1,Thousands of readers,1000.0
70,blocktrend,123.0,1,Tens of thousands of readers,10000.0
71,bmpro,207.0,159,Tens of thousands of readers,10000.0
72,bonnerprivateresearch,2231.0,2,Tens of thousands of readers,10000.0
73,bonnittaroy,40.0,4,Thousands of readers,1000.0
74,botharetrue,174.0,0,Thousands of readers,1000.0
75,bowtiedbull,970.0,0,,
76,bowtiedcyber,41.0,405,Thousands of readers,1000.0
77,bowtiedfawn,30.0,246,Thousands of readers,1000.0
78,bowtiedoctopod,37.0,247,Thousands of readers,1000.0
79,bowtiedopossum,81.0,84,Thousands of readers,1000.0
80,bowtiedox,173.0,408,Tens of thousands of readers,10000.0
81,bradenbellphd,7.0,3,Hundreds of readers,100.0
82,brandonboyd,39.0,3,Thousands of readers,1000.0
83,brentandmichaelaregoingplaces,138.0,15,Thousands of readers,1000.0
84,brentcates,214.0,0,Tens of thousands of readers,10000.0
85,brevardnewsbeat,24.0,0,Thousands of readers,1000.0
86,brianmichaelbendis,52.0,22,Thousands of readers,1000.0
87,broccoli,24.0,0,Thousands of readers,1000.0
88,brokenpalate,451.0,0,Millions of readers,1000000.0
89,brooksreitz,31.0,0,Thousands of readers,1000.0
90,brutalsouth,112.0,0,Tens of thousands of readers,10000.0
91,buildingboys,5.0,22,Thousands of readers,1000.0
92,cabinnewsletter,0.0,0,Thousands of readers,1000.0
93,capitolaccount,0.0,0,Hundreds of readers,100.0
94,carlyannfilbin,7.0,0,Hundreds of readers,100.0
95,carolinecriadoperez,202.0,6,Tens of thousands of readers,10000.0
96,carolinemanring,23.0,0,Hundreds of readers,100.0
97,carrienewcomer,210.0,2,Tens of thousands of readers,10000.0
98,carsonellis,180.0,0,Tens of thousands of readers,10000.0
99,cartoonsbyhilary,25.0,5,Thousands of readers,1000.0
100,cascadiachronicles,0.0,0,Tens of readers,10.0
101,categorypirates,157.0,67,Tens of thousands of readers,10000.0
102,catholicmanhood,27.0,0,Hundreds of readers,100.0
103,ceramicsnow,12.0,0,Tens of thousands of readers,10000.0
104,charlotteledger,35.0,11,Tens of thousands of readers,10000.0
105,cherylstrayed,331.0,4,Tens of thousands of readers,10000.0
106,chriselliotts,99.0,7,Tens of thousands of readers,10000.0
107,chrishedges,1747.0,3,Tens of thousands of readers,10000.0
108,chrislatray,434.0,0,Thousands of readers,1000.0
109,chrisriback,2.0,1,Thousands of readers,1000.0
110,chrisryan,319.0,12,Thousands of readers,1000.0
111,christinewillard,17.0,0,Thousands of readers,1000.0
112,christopherperrin,1.0,0,Hundreds of readers,100.0
113,chuckpalahniuk,911.0,6,Tens of thousands of readers,10000.0
114,chuckprophet,80.0,7,Tens of thousands of readers,10000.0
115,civicrenaissance,26.0,8,Tens of thousands of readers,10000.0
116,claireandemma,36.0,10,Tens of thousands of readers,10000.0
117,classicalwisdom,606.0,13,Tens of thousands of readers,10000.0
118,closereads,53.0,0,Thousands of readers,1000.0
119,cocktailswithsuderman,126.0,42,Thousands of readers,1000.0
120,coffeeandcovid,7180.0,0,Tens of thousands of readers,10000.0
121,colbay,7.0,0,Thousands of readers,1000.0
122,colinmeloy,464.0,0,,
123,colinwright,471.0,81,Tens of thousands of readers,10000.0
124,commoditycontext,152.0,182,Tens of thousands of readers,10000.0
125,concoda,207.0,112,Tens of thousands of readers,10000.0
126,coreyryanforrester,441.0,107,Thousands of readers,1000.0
127,couchfish,41.0,0,Thousands of readers,1000.0
128,courtney,161.0,11,Tens of thousands of readers,10000.0
129,courtneymaum,100.0,8,Thousands of readers,1000.0
130,covidsteria,251.0,0,Thousands of readers,1000.0
131,cristinamitre,291.0,6,Tens of thousands of readers,10000.0
132,cryptoconsultinginstitute,11.0,0,Hundreds of readers,100.0
133,cryptoiseasy,52.0,2,Tens of thousands of readers,10000.0
134,ctexplored,0.0,0,Thousands of readers,1000.0
135,cubicanalytics,105.0,259,Thousands of readers,1000.0
136,cultcommunity,1.0,0,Hundreds of readers,100.0
137,cupofcoffee,590.0,131,Tens of thousands of readers,10000.0
138,curioushumans,0.0,70,Thousands of readers,1000.0
139,curve,19.0,40,Thousands of readers,1000.0
140,damiani,0.0,9,Hundreds of readers,100.0
141,danheld,0.0,92,Tens of thousands of readers,10000.0
142,danielgordis,41.0,0,Tens of thousands of readers,10000.0
143,danjones,166.0,4,Thousands of readers,1000.0
144,davidcallaway,13.0,0,Thousands of readers,1000.0
145,davidlat,172.0,23,Tens of thousands of readers,10000.0
146,davidlebovitz,849.0,1,Hundreds of thousands of readers,100000.0
147,davidmichie,295.0,0,Thousands of readers,1000.0
148,davidroberts,223.0,209,Tens of thousands of readers,10000.0
149,dcids,0.0,0,Thousands of readers,1000.0
150,dearest,32.0,23,Thousands of readers,1000.0
151,debliu,145.0,0,Tens of thousands of readers,10000.0
152,deborahcopaken,71.0,1,Thousands of readers,1000.0
153,decor8,30.0,0,Tens of thousands of readers,10000.0
154,defieducation,334.0,0,Tens of thousands of readers,10000.0
155,degencode,35.0,0,Thousands of readers,1000.0
156,designmom,19.0,0,Tens of thousands of readers,10000.0
157,devinthorpe,31.0,12,Thousands of readers,1000.0
158,dfam,20.0,2,Thousands of readers,1000.0
159,dgardner,128.0,79,Thousands of readers,1000.0
160,dianabutlerbass,239.0,17,Tens of thousands of readers,10000.0
161,dianaspechler,5.0,0,Hundreds of readers,100.0
162,diff,202.0,35,Tens of thousands of readers,10000.0
163,dinneralovestory,138.0,0,Tens of thousands of readers,10000.0
164,directormoves,0.0,0,Tens of thousands of readers,10000.0
165,discourseblog,211.0,12,Tens of thousands of readers,10000.0
166,disinformationchronicle,251.0,10,Tens of thousands of readers,10000.0
167,dlmayfield,106.0,0,Thousands of readers,1000.0
168,docanarchy,103.0,0,Thousands of readers,1000.0
169,dominiccummings,108.0,0,Tens of thousands of readers,10000.0
170,doomberg,3218.0,76,Hundreds of thousands of readers,100000.0
171,doree,40.0,2,Thousands of readers,1000.0
172,drawtogether,234.0,0,Tens of thousands of readers,10000.0
173,drericding,0.0,90,Tens of thousands of readers,10000.0
174,drgurner,166.0,403,Thousands of readers,1000.0
175,drpippa,143.0,31,Tens of thousands of readers,10000.0
176,drtyna,57.0,36,Thousands of readers,1000.0
177,dusttodigital,17.0,5,,
178,dylanlive,68.0,9,Thousands of readers,1000.0
179,eatgordaeat,101.0,11,Thousands of readers,1000.0
180,eigo,4.0,3,Hundreds of readers,100.0
181,ejeancarroll,607.0,36,Tens of thousands of readers,10000.0
182,elisabettapistoni,0.0,0,Hundreds of readers,100.0
183,elizabethminchilli,41.0,0,Tens of thousands of readers,10000.0
184,ellegriffin,107.0,0,Thousands of readers,1000.0
185,emilyoster,367.0,4,Hundreds of thousands of readers,100000.0
186,emilyrnunn,334.0,0,Tens of thousands of readers,10000.0
187,empireofdirt,27.0,34,Hundreds of readers,100.0
188,endtimes,2456.0,0,Tens of thousands of readers,10000.0
189,ericstromquist,0.0,0,Tens of readers,10.0
190,erikhoel,567.0,17,Tens of thousands of readers,10000.0
191,erinbrockovich,49.0,34,Thousands of readers,1000.0
192,escapethecityclub,1.0,0,Tens of thousands of readers,10000.0
193,esotouric,26.0,151,Thousands of readers,1000.0
194,etgarkeret,86.0,0,Thousands of readers,1000.0
195,eugenesrobinson,83.0,14,Thousands of readers,1000.0
196,evartology,63.0,44,Thousands of readers,1000.0
197,evebarlow,0.0,33,Thousands of readers,1000.0
198,everlastingproductions,85.0,29,Thousands of readers,1000.0
199,everythingisamazing,169.0,48,Tens of thousands of readers,10000.0
200,evilwitches,110.0,32,Thousands of readers,1000.0
201,evolutionshift,117.0,0,Thousands of readers,1000.0
202,ewerickson,2425.0,117,Tens of thousands of readers,10000.0
203,explodinggiraffe,485.0,0,Tens of thousands of readers,10000.0
204,exponentialview,373.0,44,Tens of thousands of readers,10000.0
205,farandnear,0.0,0,Thousands of readers,1000.0
206,federicasalto,86.0,0,Tens of thousands of readers,10000.0
207,feelthenews,6.0,1,Thousands of readers,1000.0
208,ferocia,10.0,154,Tens of readers,10.0
209,fiamengofile,116.0,6,Hundreds of readers,100.0
210,fillingthepail,145.0,50,Tens of thousands of readers,10000.0
211,findingcoopersvoice,196.0,0,Tens of thousands of readers,10000.0
212,findinghome,68.0,0,Hundreds of readers,100.0
213,flakphoto,142.0,102,Tens of thousands of readers,10000.0
214,florencehrs,14.0,251,Tens of thousands of readers,10000.0
215,flowstate,105.0,0,Tens of thousands of readers,10000.0
216,folkradio,8.0,10,Thousands of readers,1000.0
217,foot,62.0,7,Thousands of readers,1000.0
218,frankjfleming,42.0,148,Thousands of readers,1000.0
219,freddiedeboer,1012.0,6,Tens of thousands of readers,10000.0
220,freelancingwithtim,0.0,0,Tens of thousands of readers,10000.0
221,fritz,108.0,204,Thousands of readers,1000.0
222,frugalchariot,4.0,0,Hundreds of readers,100.0
223,futureofjewish,102.0,0,Tens of thousands of readers,10000.0
224,gabrielamgutierrez,56.0,0,Hundreds of readers,100.0
225,gamediscoverability,45.0,0,Tens of thousands of readers,10000.0
226,garbageday,488.0,11,Tens of thousands of readers,10000.0
227,garrisonkeillor,549.0,0,Tens of thousands of readers,10000.0
228,garynull,1.0,0,Thousands of readers,1000.0
229,gayletter,25.0,1,Tens of thousands of readers,10000.0
230,genevahealthfiles,11.0,11,Thousands of readers,1000.0
231,georgesaunders,1645.0,0,Tens of thousands of readers,10000.0
232,gingerhaze,1275.0,5,Tens of thousands of readers,10000.0
233,ginnyhogan,3.0,77,Hundreds of readers,100.0
234,gintaruna,18.0,0,Hundreds of readers,100.0
235,girar,8.0,1,Thousands of readers,1000.0
236,glasseyestudios,80.0,0,Thousands of readers,1000.0
237,glassnode,11.0,0,Tens of thousands of readers,10000.0
238,glenn,12.0,8,Tens of thousands of readers,10000.0
239,glennloury,567.0,6,Tens of thousands of readers,10000.0
240,golongtd,90.0,110,Tens of thousands of readers,10000.0
241,grahamwardle,380.0,1,Thousands of readers,1000.0
242,grantmorrison,132.0,1,Thousands of readers,1000.0
243,grantwahl,879.0,21,Tens of thousands of readers,10000.0
244,graphicmatt,10.0,11,Thousands of readers,1000.0
245,greenwald,1744.0,0,Hundreds of thousands of readers,100000.0
246,gregellis,33.0,1,Hundreds of readers,100.0
247,greilmarcus,217.0,0,Thousands of readers,1000.0
248,gritcapital,345.0,0,Tens of thousands of readers,10000.0
249,gritcrypto,41.0,111,Tens of thousands of readers,10000.0
250,gtax,13.0,6,Thousands of readers,1000.0
251,gunnarkaiser,7.0,0,Tens of thousands of readers,10000.0
252,guyfierisuperfan,1.0,6,Thousands of readers,1000.0
253,haleynahman,1273.0,0,Tens of thousands of readers,10000.0
254,halfmarathons,81.0,0,Tens of thousands of readers,10000.0
255,hardcoresoftware,67.0,104,Tens of thousands of readers,10000.0
256,hauntedlibrarian,19.0,0,Hundreds of readers,100.0
257,healthythinking,60.0,7,Thousands of readers,1000.0
258,heated,350.0,8,Tens of thousands of readers,10000.0
259,heathercoxrichardson,31757.0,0,Hundreds of thousands of readers,100000.0
260,helenraleigh,27.0,0,Hundreds of readers,100.0
261,hellostranger,16.0,0,Hundreds of readers,100.0
262,hfir,41.0,29,Thousands of readers,1000.0
263,hiddenrsrch,151.0,0,Tens of thousands of readers,10000.0
264,histories,25.0,0,Thousands of readers,1000.0
265,historyofman,0.0,0,Hundreds of readers,100.0
266,historytruth,19.0,0,Tens of thousands of readers,10000.0
267,hoopvision,20.0,2,Thousands of readers,1000.0
268,hothouse,0.0,0,Thousands of readers,1000.0
269,hotlineskin,3.0,0,Thousands of readers,1000.0
270,houseofstrauss,164.0,9,Tens of thousands of readers,10000.0
271,hueman,9.0,0,Hundreds of readers,100.0
272,hummingfluffstudio,17.0,0,Hundreds of readers,100.0
273,hunterharris,1627.0,27,Tens of thousands of readers,10000.0
274,iconoblast,94.0,9,Thousands of readers,1000.0
275,ideassleepfuriously,98.0,44,Thousands of readers,1000.0
276,ilanawiles,12.0,5,Tens of thousands of readers,10000.0
277,importantville,1.0,31,Thousands of readers,1000.0
278,indify,0.0,0,Hundreds of readers,100.0
279,insidethenewsroom,9.0,0,Tens of thousands of readers,10000.0
280,ironsidesmacro,18.0,10,Thousands of readers,1000.0
281,isaiahmccall,36.0,2,Thousands of readers,1000.0
282,ivararpi,104.0,14,Tens of thousands of readers,10000.0
283,jamesbreakwell,558.0,16,,
284,jamesmdorsey,309.0,24,Tens of thousands of readers,10000.0
285,jamestynioniv,154.0,0,Tens of thousands of readers,10000.0
286,jasonanthony,6.0,0,Hundreds of readers,100.0
287,jbrenning,25.0,4,Hundreds of readers,100.0
288,jefftweedy,1567.0,2,Tens of thousands of readers,10000.0
289,jemartisby,189.0,9,Thousands of readers,1000.0
290,jenbartel,647.0,72,Thousands of readers,1000.0
291,jenmann,65.0,0,Thousands of readers,1000.0
292,jessesingal,851.0,82,Tens of thousands of readers,10000.0
293,jessica,449.0,45,Tens of thousands of readers,10000.0
294,jessicadefino,0.0,0,Tens of thousands of readers,10000.0
295,jessicadore,196.0,0,Tens of thousands of readers,10000.0
296,jessicareedkraus,1249.0,0,Hundreds of thousands of readers,100000.0
297,jhanhky,0.0,41,Thousands of readers,1000.0
298,jillk,99.0,2,Thousands of readers,1000.0
299,jimmydoom,184.0,7,Thousands of readers,1000.0
300,jimmydunne,10.0,0,Hundreds of readers,100.0
301,joelvin,103.0,0,Thousands of readers,1000.0
302,joepernice,16.0,0,Thousands of readers,1000.0
303,joeposnanski,2199.0,18,Tens of thousands of readers,10000.0
304,johncanzano,1298.0,35,Tens of thousands of readers,10000.0
305,jolynchen,9.0,0,Hundreds of readers,100.0
306,jonahlupton,91.0,230,Tens of thousands of readers,10000.0
307,jonrappoport,907.0,24,Tens of thousands of readers,10000.0
308,jorosenthal,21.0,0,Thousands of readers,1000.0
309,joseandres,306.0,17,Tens of thousands of readers,10000.0
310,josephmassey,102.0,123,Thousands of readers,1000.0
311,joshuajames,4.0,0,Tens of thousands of readers,10000.0
312,joshuawilliamson,0.0,4,Hundreds of readers,100.0
313,juliaturshen,107.0,0,Tens of thousands of readers,10000.0
314,kaloh,41.0,0,Thousands of readers,1000.0
315,kamea,5.0,0,Thousands of readers,1000.0
316,kameelahr,9.0,0,Hundreds of readers,100.0
317,kareem,1777.0,0,Tens of thousands of readers,10000.0
318,katehillfrance,90.0,0,Thousands of readers,1000.0
319,katemckean,155.0,20,Tens of thousands of readers,10000.0
320,kateseward,6.0,0,Hundreds of readers,100.0
321,katespeer,0.0,0,Thousands of readers,1000.0
322,katherineormerod,334.0,0,Thousands of readers,1000.0
323,kellyoxford,408.0,0,Tens of thousands of readers,10000.0
324,kendraaustin,0.0,0,Thousands of readers,1000.0
325,kermankohli,12.0,4,Thousands of readers,1000.0
326,kevinbarrett,107.0,16,Thousands of readers,1000.0
327,kevinmlevin,186.0,35,Thousands of readers,1000.0
328,kevinmorby,0.0,0,Thousands of readers,1000.0
329,kirkegaard,72.0,64,Thousands of readers,1000.0
330,kitchenprojects,164.0,0,Tens of thousands of readers,10000.0
331,klcpress,152.0,3,Thousands of readers,1000.0
332,knicksfilmschool,247.0,0,Thousands of readers,1000.0
333,knowlandknows,78.0,77,Thousands of readers,1000.0
334,krystalkyleandfriends,231.0,6,Tens of thousands of readers,10000.0
335,kyla,299.0,52,Tens of thousands of readers,10000.0
336,landdesk,45.0,1,Thousands of readers,1000.0
337,laurakellyfanucci,89.0,0,Thousands of readers,1000.0
338,laurathomas,86.0,0,Thousands of readers,1000.0
339,lawrencekrauss,68.0,26,Thousands of readers,1000.0
340,leandramcohen,0.0,0,Tens of thousands of readers,10000.0
341,lenny,537.0,83,Hundreds of thousands of readers,100000.0
342,lesleychesterman,55.0,14,Thousands of readers,1000.0
343,lettersofnote,243.0,12,Tens of thousands of readers,10000.0
344,levellerconfidential,9.0,0,Thousands of readers,1000.0
345,lewisporter,40.0,0,Thousands of readers,1000.0
346,lex,129.0,24,Tens of thousands of readers,10000.0
347,lianafinck,242.0,3,Thousands of readers,1000.0
348,libertyrpf,130.0,204,Tens of thousands of readers,10000.0
349,linhdinh,168.0,0,Thousands of readers,1000.0
350,lisamariedonovan,14.0,2,Hundreds of readers,100.0
351,lisaolivera,528.0,0,Tens of thousands of readers,10000.0
352,litmagnews,128.0,28,Thousands of readers,1000.0
353,logoarchive,18.0,12,Thousands of readers,1000.0
354,lordcowboy,56.0,0,Thousands of readers,1000.0
355,lordfed,204.0,129,Thousands of readers,1000.0
356,lorefergusonwilbert,109.0,11,Thousands of readers,1000.0
357,maajidnawaz,519.0,334,Tens of thousands of readers,10000.0
358,madge,23.0,34,Tens of readers,10.0
359,mangasplaining,4.0,0,Thousands of readers,1000.0
360,marciatiburi,22.0,0,Hundreds of readers,100.0
361,marcstein,186.0,28,Tens of thousands of readers,10000.0
362,mariannewilliamson,1917.0,0,,
363,marinaamaral,6.0,16,Thousands of readers,1000.0
364,marleegrace,286.0,0,Tens of thousands of readers,10000.0
365,martyrmade,723.0,48,Tens of thousands of readers,10000.0
366,masoncurrey,138.0,2,Tens of thousands of readers,10000.0
367,matchquarters,20.0,134,Thousands of readers,1000.0
368,materialgirrrrl,0.0,0,Hundreds of readers,100.0
369,matthewcklein,116.0,39,Tens of thousands of readers,10000.0
370,matthewyglesias,2873.0,292,Tens of thousands of readers,10000.0
371,mattlabash,306.0,0,Tens of thousands of readers,10000.0
372,mattmiller,8.0,76,Tens of thousands of readers,10000.0
373,mattstoller,612.0,130,Tens of thousands of readers,10000.0
374,mattyselman,9.0,0,Hundreds of readers,100.0
375,mccormickmd,39.0,0,Hundreds of readers,100.0
376,mcrawford,37.0,0,Hundreds of readers,100.0
377,mdcbowen,80.0,6,Thousands of readers,1000.0
378,melindawmoyer,88.0,13,Thousands of readers,1000.0
379,memoirmonday,0.0,3,Tens of thousands of readers,10000.0
380,michaelbhorn,19.0,15,Tens of thousands of readers,10000.0
381,michaelfbird,135.0,40,Thousands of readers,1000.0
382,michaelmoore,2749.0,0,Hundreds of thousands of readers,100000.0
383,michaelperry,64.0,9,Thousands of readers,1000.0
384,michaelshellenberger,2141.0,40,Tens of thousands of readers,10000.0
385,mikeyopp,70.0,2,Hundreds of readers,100.0
386,mindybelz,15.0,1,Thousands of readers,1000.0
387,mlcavanaugh,6.0,1,Thousands of readers,1000.0
388,mnchiefsfan,1000.0,62,Thousands of readers,1000.0
389,mollyknight,362.0,65,Thousands of readers,1000.0
390,mollywizenberg,88.0,0,Thousands of readers,1000.0
391,momspreading,28.0,2,Thousands of readers,1000.0
392,mostfavourednation,19.0,20,Thousands of readers,1000.0
393,mskawi,1.0,0,Thousands of readers,1000.0
394,mule,61.0,25,Tens of thousands of readers,10000.0
395,murraybridgenews,48.0,6,Thousands of readers,1000.0
396,musgrave,59.0,0,Thousands of readers,1000.0
397,myclimatejourney,48.0,2,Tens of thousands of readers,10000.0
398,myqkaplan,46.0,39,Thousands of readers,1000.0
399,mysweetdumbbrain,204.0,1,Tens of thousands of readers,10000.0
400,natashalipman,52.0,5,,
401,nbabigboard,21.0,26,Thousands of readers,1000.0
402,neckar,222.0,0,Tens of thousands of readers,10000.0
403,neilshea,14.0,0,Hundreds of readers,100.0
404,nekocase,394.0,5,Tens of thousands of readers,10000.0
405,neonliterary,44.0,14,Thousands of readers,1000.0
406,netinterest,78.0,3,Tens of thousands of readers,10000.0
407,newcomer,156.0,15,Tens of thousands of readers,10000.0
408,newdiscourses,31.0,20,Thousands of readers,1000.0
409,newsitems,85.0,0,Tens of thousands of readers,10000.0
410,nicoledessainbook,1.0,10,Hundreds of readers,100.0
411,nlckstocks,184.0,15,Thousands of readers,1000.0
412,nnekaj,0.0,0,Thousands of readers,1000.0
413,noahcarl,69.0,0,Thousands of readers,1000.0
414,noahpinion,1437.0,436,Tens of thousands of readers,10000.0
415,nomada,0.0,121,Thousands of readers,1000.0
416,nongaap,77.0,15,Thousands of readers,1000.0
417,nonzero,62.0,9,Tens of thousands of readers,10000.0
418,noraecatlin,0.0,0,Tens of readers,10.0
419,notdrinkingpoison,22.0,8,Thousands of readers,1000.0
420,numlock,150.0,57,Tens of thousands of readers,10000.0
421,oldloserinbrooklyn,0.0,0,Thousands of readers,1000.0
422,olgakaetano,0.0,16,Hundreds of readers,100.0
423,oliverbatemandoesthework,44.0,137,Thousands of readers,1000.0
424,onfootball,237.0,180,Thousands of readers,1000.0
425,outofthecube,1.0,0,Thousands of readers,1000.0
426,pallaviaiyar,15.0,21,Thousands of readers,1000.0
427,paresky,0.0,0,Thousands of readers,1000.0
428,parisbymouth,70.0,0,Tens of thousands of readers,10000.0
429,pattismith,1261.0,0,Tens of thousands of readers,10000.0
430,paulflannery,34.0,0,Thousands of readers,1000.0
431,paulgryan,16.0,0,Hundreds of readers,100.0
432,paullukas,80.0,74,Tens of thousands of readers,10000.0
433,paulwells,840.0,0,Tens of thousands of readers,10000.0
434,pcsnation,2340.0,212,Thousands of readers,1000.0
435,peopleiveloved,149.0,4,Tens of thousands of readers,10000.0
436,petition,84.0,16,Tens of thousands of readers,10000.0
437,platformer,813.0,42,Tens of thousands of readers,10000.0
438,pokrassprompts,13.0,0,Hundreds of readers,100.0
439,polimath,11.0,159,Thousands of readers,1000.0
440,pomp,275.0,0,Hundreds of thousands of readers,100000.0
441,popularinformation,2404.0,63,Hundreds of thousands of readers,100000.0
442,postanly,5.0,0,Tens of thousands of readers,10000.0
443,pragmaticengineer,530.0,189,Hundreds of thousands of readers,100000.0
444,presentage,581.0,0,Tens of thousands of readers,10000.0
445,psychopolitica,21.0,0,Thousands of readers,1000.0
446,publicwitness,74.0,0,Thousands of readers,1000.0
447,purpleinsider,252.0,86,Thousands of readers,1000.0
448,quadrilateral,116.0,20,Thousands of readers,1000.0
449,quoththeraven,490.0,0,Tens of thousands of readers,10000.0
450,radixjournal,148.0,21,Thousands of readers,1000.0
451,randyfeltface,5.0,0,Thousands of readers,1000.0
452,ranflygenring,0.0,0,Hundreds of readers,100.0
453,rationalreflections,157.0,333,Thousands of readers,1000.0
454,razib,329.0,160,Tens of thousands of readers,10000.0
455,realhiphop,0.0,6,Hundreds of readers,100.0
456,reallytanman,12.0,72,Thousands of readers,1000.0
457,redditinvestors,138.0,0,Tens of thousands of readers,10000.0
458,refactoring,112.0,61,Tens of thousands of readers,10000.0
459,rektcapital,78.0,5,Tens of thousands of readers,10000.0
460,relevantdata,40.0,152,Thousands of readers,1000.0
461,remoteview,33.0,0,Hundreds of readers,100.0
462,retrostack,4.0,17,Thousands of readers,1000.0
463,revkin,75.0,86,Thousands of readers,1000.0
464,richardmedhurst,15.0,0,Thousands of readers,1000.0
465,roberthubbell,2954.0,0,Tens of thousands of readers,10000.0
466,robertreich,7096.0,45,Hundreds of thousands of readers,100000.0
467,robertsgreenletter,0.0,0,Tens of readers,10.0
468,robertsimonson,112.0,26,Thousands of readers,1000.0
469,robkhenderson,803.0,68,Tens of thousands of readers,10000.0
470,roddreher,257.0,68,Thousands of readers,1000.0
471,rodneybarnes,20.0,0,Hundreds of readers,100.0
472,rogerpielkejr,305.0,85,Thousands of readers,1000.0
473,rogueways,14.0,68,Hundreds of readers,100.0
474,ronaldrios,37.0,2,Thousands of readers,1000.0
475,rosemarymaccabe,211.0,0,Thousands of readers,1000.0
476,rozenberg,137.0,17,Thousands of readers,1000.0
477,rwmalonemd,16019.0,0,Hundreds of thousands of readers,100000.0
478,saeedjones,330.0,84,Tens of thousands of readers,10000.0
479,saintsandstones,8.0,0,Hundreds of readers,100.0
480,sakeindustrynews,3.0,0,Thousands of readers,1000.0
481,samueldjames,110.0,63,Thousands of readers,1000.0
482,sarahagerty,112.0,0,Tens of thousands of readers,10000.0
483,sarahbessey,147.0,0,Tens of thousands of readers,10000.0
484,sarahblondin,319.0,0,Tens of thousands of readers,10000.0
485,sarahmccoll,0.0,0,Thousands of readers,1000.0
486,sarahwilson,191.0,2,Tens of thousands of readers,10000.0
487,scarycoolsadgoodbye,22.0,0,Thousands of readers,1000.0
488,secretsalsa,0.0,12,Hundreds of readers,100.0
489,selfmade,32.0,0,Thousands of readers,1000.0
490,semianalysis,181.0,49,Tens of thousands of readers,10000.0
491,sensiblemed,1703.0,2,Tens of thousands of readers,10000.0
492,serioustrouble,45.0,0,Tens of thousands of readers,10000.0
493,sethabramson,605.0,17,Tens of thousands of readers,10000.0
494,sfgirlbybay,200.0,0,Thousands of readers,1000.0
495,shannanmartin,41.0,0,Tens of thousands of readers,10000.0
496,sharonblackie,150.0,0,Tens of thousands of readers,10000.0
497,shastakm,2.0,1,Hundreds of readers,100.0
498,shifra,0.0,0,Hundreds of readers,100.0
499,shorterletter,0.0,0,Thousands of readers,1000.0
500,sidechainsociety,34.0,0,Tens of thousands of readers,10000.0
501,signorile,246.0,120,Thousands of readers,1000.0
502,simulationcommander,962.0,0,Thousands of readers,1000.0
503,sinocism,295.0,57,Hundreds of thousands of readers,100000.0
504,siphillipstalkschelsea,2148.0,85,Tens of thousands of readers,10000.0
505,sitwithwhit,182.0,1,Tens of thousands of readers,10000.0
506,skiing,104.0,45,Thousands of readers,1000.0
507,skippedhistory,42.0,0,Thousands of readers,1000.0
508,snowball,297.0,0,Tens of thousands of readers,10000.0
509,snyder,1342.0,17,Tens of thousands of readers,10000.0
510,solana,917.0,31,Tens of thousands of readers,10000.0
511,solomodasostenibile,19.0,0,Thousands of readers,1000.0
512,somethingisaw,0.0,0,Tens of thousands of readers,10000.0
513,speakola,5.0,0,Thousands of readers,1000.0
514,specialeducationtoday,40.0,1,Hundreds of readers,100.0
515,sprezza,79.0,31,Thousands of readers,1000.0
516,spytalk,138.0,24,Tens of thousands of readers,10000.0
517,staceyduguid,183.0,0,Thousands of readers,1000.0
518,stainedpagenews,35.0,17,Thousands of readers,1000.0
519,stanfritz,8.0,28,Tens of thousands of readers,10000.0
520,steady,7848.0,6,Hundreds of thousands of readers,100000.0
521,stephaniekelton,31.0,13,Tens of thousands of readers,10000.0
522,stevekirsch,18679.0,0,Hundreds of thousands of readers,100000.0
523,stillmanmd,137.0,4,Thousands of readers,1000.0
524,strangesounds,284.0,7,Tens of thousands of readers,10000.0
525,streamndestroy,11.0,0,Thousands of readers,1000.0
526,streetnightlive,46.0,48,Thousands of readers,1000.0
527,streetsmartnaturalist,37.0,0,Thousands of readers,1000.0
528,strongstartsinthemind,102.0,0,Thousands of readers,1000.0
529,stuartritchie,40.0,7,Thousands of readers,1000.0
530,subrinaheyink,0.0,0,Thousands of readers,1000.0
531,summerbrennan,257.0,51,Thousands of readers,1000.0
532,susanality,75.0,0,Tens of thousands of readers,10000.0
533,taibbi,12604.0,86,Hundreds of thousands of readers,100000.0
534,takecontrol,1034.0,0,Hundreds of thousands of readers,100000.0
535,talksoon,0.0,0,Hundreds of readers,100.0
536,tatyanadecker,0.0,0,Tens of readers,10.0
537,technically,107.0,1,Tens of thousands of readers,10000.0
538,technofog,1200.0,1,Tens of thousands of readers,10000.0
539,tedgioia,1385.0,58,Tens of thousands of readers,10000.0
540,teganandsara,789.0,10,Tens of thousands of readers,10000.0
541,tenzerstrategics,0.0,63,Thousands of readers,1000.0
542,the100dayproject,0.0,0,Tens of thousands of readers,10000.0
543,theachievementplateau,1.0,0,Hundreds of readers,100.0
544,theairlineobserver,14.0,6,,
545,theankler,405.0,8,Tens of thousands of readers,10000.0
546,thebearcave,157.0,52,Tens of thousands of readers,10000.0
547,thebengalstripe,0.0,0,Hundreds of readers,100.0
548,thebestofjournalism,12.0,0,Tens of thousands of readers,10000.0
549,thebitcoinlayer,237.0,30,Thousands of readers,1000.0
550,thebulwark,8226.0,0,Hundreds of thousands of readers,100000.0
551,thechilliad,8.0,7,Thousands of readers,1000.0
552,thecholent,2.0,0,Hundreds of readers,100.0
553,thecontender,345.0,2,Tens of thousands of readers,10000.0
554,thecoopscoop,10.0,4,Hundreds of readers,100.0
555,thecorners,1821.0,6,Tens of thousands of readers,10000.0
556,thedefiant,140.0,16,Tens of thousands of readers,10000.0
557,thedeletedscenes,99.0,52,Thousands of readers,1000.0
558,thedynamiteshop,5.0,0,Thousands of readers,1000.0
559,thefoodsection,57.0,1,Thousands of readers,1000.0
560,theheartbeat,21.0,0,Thousands of readers,1000.0
561,thehotshotwakeup,95.0,22,Thousands of readers,1000.0
562,thehustlearchitect,2.0,96,Hundreds of readers,100.0
563,thehyphen,322.0,14,Tens of thousands of readers,10000.0
564,theisolationjournals,1044.0,0,Hundreds of thousands of readers,100000.0
565,thejealouscurator,143.0,0,Tens of thousands of readers,10000.0
566,thekaka,339.0,15,Tens of thousands of readers,10000.0
567,thelapcount,76.0,8,Tens of thousands of readers,10000.0
568,thelundloop,35.0,15,Thousands of readers,1000.0
569,themacrotourist,111.0,3,Tens of thousands of readers,10000.0
570,themill,227.0,20,Tens of thousands of readers,10000.0
571,themorningperson,131.0,0,Tens of thousands of readers,10000.0
572,thenewcue,15.0,3,Thousands of readers,1000.0
573,thenewfatherhood,42.0,0,Thousands of readers,1000.0
574,thenexteverything,16.0,5,Thousands of readers,1000.0
575,thenorthstar,1184.0,4,Hundreds of thousands of readers,100000.0
576,thepathosofthings,19.0,26,Hundreds of readers,100.0
577,theplanet,172.0,16,Thousands of readers,1000.0
578,thepresentpsychologist,18.0,0,Thousands of readers,1000.0
579,theprivacysmurf,15.0,0,Thousands of readers,1000.0
580,theprofile,31.0,1,Tens of thousands of readers,10000.0
581,therealdrjudy,227.0,0,Thousands of readers,1000.0
582,thescienceofhitting,138.0,44,Tens of thousands of readers,10000.0
583,thesequence,209.0,71,Hundreds of thousands of readers,100000.0
584,theshortcut,1004.0,28,Hundreds of thousands of readers,100000.0
585,thesoberglow,69.0,0,Thousands of readers,1000.0
586,thesubversivelens,2.0,0,Hundreds of readers,100.0
587,thetranscript,65.0,123,Tens of thousands of readers,10000.0
588,thetransport,57.0,0,Thousands of readers,1000.0
589,theunbiasedscipod,35.0,15,Thousands of readers,1000.0
590,theweeklyupdate,8.0,2,Tens of thousands of readers,10000.0
591,thingofthings,95.0,11,Hundreds of readers,100.0
592,thomasjbevan,101.0,5,Thousands of readers,1000.0
593,thomhartmann,1495.0,39,Tens of thousands of readers,10000.0
594,thosenerdygirls,0.0,4,Tens of thousands of readers,10000.0
595,tictoctrading,1860.0,115,Tens of thousands of readers,10000.0
596,tiffaniedarke,61.0,0,Thousands of readers,1000.0
597,tiffywrites,55.0,0,Hundreds of readers,100.0
598,timothyburke,66.0,0,Hundreds of readers,100.0
599,tinihoward,32.0,0,Thousands of readers,1000.0
600,todayindefi,5.0,219,Thousands of readers,1000.0
601,todayintabs,322.0,0,Tens of thousands of readers,10000.0
602,tommytomlinson,120.0,21,Thousands of readers,1000.0
603,tomryan,2744.0,0,Thousands of readers,1000.0
604,topsecretumbra,0.0,0,Thousands of readers,1000.0
605,torontohistory,4.0,1,Thousands of readers,1000.0
606,tradecompanion,628.0,166,Tens of thousands of readers,10000.0
607,trdcrft,36.0,0,Thousands of readers,1000.0
608,trenchedges,8.0,0,Hundreds of readers,100.0
609,truehoop,78.0,0,Tens of thousands of readers,10000.0
610,truethirty,13.0,0,Hundreds of readers,100.0
611,tsh,148.0,6,Tens of thousands of readers,10000.0
612,twib,29.0,16,Thousands of readers,1000.0
613,twioat,8.0,0,Thousands of readers,1000.0
614,twosylviaspress,10.0,1,Thousands of readers,1000.0
615,tylerknott,73.0,16,Thousands of readers,1000.0
616,uconnwbbweekly,241.0,182,Tens of thousands of readers,10000.0
617,unchartedterritories,223.0,30,Tens of thousands of readers,10000.0
618,understandably,472.0,4,,
619,understandingrome,46.0,0,Hundreds of readers,100.0
620,unrulyfigures,24.0,1,Thousands of readers,1000.0
621,unschoolforwriters,106.0,6,Thousands of readers,1000.0
622,usefulidiots,582.0,6,Tens of thousands of readers,10000.0
623,uxmovement,68.0,0,Tens of thousands of readers,10000.0
624,valeriemonroe,517.0,0,Thousands of readers,1000.0
625,vanguardess,37.0,0,Hundreds of readers,100.0
626,vanyakairos,164.0,118,Thousands of readers,1000.0
627,vblgoldfix,93.0,0,Thousands of readers,1000.0
628,vichara,0.0,0,Tens of readers,10.0
629,vietnamweekly,8.0,46,Thousands of readers,1000.0
630,viewsaremyown,26.0,0,Thousands of readers,1000.0
631,vinayprasadmdmph,2186.0,127,Tens of thousands of readers,10000.0
632,virginiasolesmith,515.0,8,Tens of thousands of readers,10000.0
633,vittles,163.0,0,Tens of thousands of readers,10000.0
634,walkingtheworld,197.0,79,Tens of thousands of readers,10000.0
635,weathertiger,12.0,0,Thousands of readers,1000.0
636,webworm,1366.0,16,Tens of thousands of readers,10000.0
637,welcometothenow,1.0,23,Thousands of readers,1000.0
638,wellactually,0.0,31,Thousands of readers,1000.0
639,wesleyyang,234.0,334,Tens of thousands of readers,10000.0
640,wethefifth,695.0,0,Tens of thousands of readers,10000.0
641,whatiscalledthinking,126.0,33,Thousands of readers,1000.0
642,whattocook,293.0,0,Tens of thousands of readers,10000.0
643,williamhogeland,5.0,85,Thousands of readers,1000.0
644,worldviewbulletin,31.0,4,Thousands of readers,1000.0
645,woymag,0.0,6,Hundreds of readers,100.0
646,writingisjoy,3.0,10,Hundreds of readers,100.0
647,ww2today,59.0,10,Thousands of readers,1000.0
648,yashar,24.0,191,Tens of thousands of readers,10000.0
649,yasko,0.0,0,Hundreds of readers,100.0
650,yeehawtheboys,35.0,4,Hundreds of readers,100.0
651,yetanothervalueblog,107.0,3,Tens of thousands of readers,10000.0
652,yieldfarming,0.0,0,Thousands of readers,1000.0
653,yolandenorrisclark,0.0,0,Thousands of readers,1000.0
654,yolojournal,94.0,0,Tens of thousands of readers,10000.0
655,yrsadaleyward,253.0,0,Thousands of readers,1000.0
656,zdarsky,598.0,0,Tens of thousands of readers,10000.0
657,zedmedia,598.0,41,Tens of thousands of readers,10000.0
658,zeetozen,915.0,0,Thousands of readers,1000.0
659,ziller,127.0,7,Tens of thousands of readers,10000.0
